/*CREATE TABLE TB_DEVTEST_MNGM_BRN(
   MNGM_BRCD VARCHAR(1) NOT NULL PRIMARY KEY
  ,MNGM_BRM  VARCHAR(10) NOT NULL
);


CREATE TABLE TB_DEVTEST_CUS_ACNT(
   CUS_ACN   VARCHAR(8) NOT NULL PRIMARY KEY
  ,CUS_NM    VARCHAR(10) NOT NULL
  ,MNGM_BRCD VARCHAR(1) NOT NULL
);

CREATE TABLE TB_DEVTEST_TRN_LST(
   TRN_YMD DATE  NOT NULL
  ,CUS_ACN VARCHAR(8) NOT NULL
  ,TRN_NO  INTEGER  NOT NULL
  ,TRN_AMT DECIMAL(18)  NOT NULL
  ,FEE_AMT DECIMAL(18)  NOT NULL
  ,CNCL_YN VARCHAR(1) NOT NULL
  ,PRIMARY KEY(TRN_YMD,CUS_ACN,TRN_NO)
);
*/
INSERT INTO TB_DEVTEST_MNGM_BRN(MNGM_BRCD,MNGM_BRM) VALUES ('A','판교점');
INSERT INTO TB_DEVTEST_MNGM_BRN(MNGM_BRCD,MNGM_BRM) VALUES ('B','분당점');
INSERT INTO TB_DEVTEST_MNGM_BRN(MNGM_BRCD,MNGM_BRM) VALUES ('C','강남점');
INSERT INTO TB_DEVTEST_MNGM_BRN(MNGM_BRCD,MNGM_BRM) VALUES ('D','잠실점');

INSERT INTO TB_DEVTEST_CUS_ACNT(CUS_ACN,CUS_NM,MNGM_BRCD) VALUES ('11111111','제이','A');
INSERT INTO TB_DEVTEST_CUS_ACNT(CUS_ACN,CUS_NM,MNGM_BRCD) VALUES ('11111112','에이스','A');
INSERT INTO TB_DEVTEST_CUS_ACNT(CUS_ACN,CUS_NM,MNGM_BRCD) VALUES ('11111113','리노','A');
INSERT INTO TB_DEVTEST_CUS_ACNT(CUS_ACN,CUS_NM,MNGM_BRCD) VALUES ('11111114','테드','B');
INSERT INTO TB_DEVTEST_CUS_ACNT(CUS_ACN,CUS_NM,MNGM_BRCD) VALUES ('11111115','사라','B');
INSERT INTO TB_DEVTEST_CUS_ACNT(CUS_ACN,CUS_NM,MNGM_BRCD) VALUES ('11111116','린','B');
INSERT INTO TB_DEVTEST_CUS_ACNT(CUS_ACN,CUS_NM,MNGM_BRCD) VALUES ('11111117','케빈','C');
INSERT INTO TB_DEVTEST_CUS_ACNT(CUS_ACN,CUS_NM,MNGM_BRCD) VALUES ('11111118','제임스','D');
INSERT INTO TB_DEVTEST_CUS_ACNT(CUS_ACN,CUS_NM,MNGM_BRCD) VALUES ('11111119','주디','D');
INSERT INTO TB_DEVTEST_CUS_ACNT(CUS_ACN,CUS_NM,MNGM_BRCD) VALUES ('11111120','로이','C');

INSERT INTO TB_DEVTEST_TRN_LST(TRN_YMD,CUS_ACN,TRN_NO,TRN_AMT,FEE_AMT,CNCL_YN) VALUES ('2018-01-02','11111111',1,1000000,0,'N');
INSERT INTO TB_DEVTEST_TRN_LST(TRN_YMD,CUS_ACN,TRN_NO,TRN_AMT,FEE_AMT,CNCL_YN) VALUES ('2018-02-03','11111111',1,500000,1000,'Y');
INSERT INTO TB_DEVTEST_TRN_LST(TRN_YMD,CUS_ACN,TRN_NO,TRN_AMT,FEE_AMT,CNCL_YN) VALUES ('2018-02-03','11111111',2,500000,1000,'N');
INSERT INTO TB_DEVTEST_TRN_LST(TRN_YMD,CUS_ACN,TRN_NO,TRN_AMT,FEE_AMT,CNCL_YN) VALUES ('2018-03-05','11111111',1,2000000,0,'N');
INSERT INTO TB_DEVTEST_TRN_LST(TRN_YMD,CUS_ACN,TRN_NO,TRN_AMT,FEE_AMT,CNCL_YN) VALUES ('2018-03-05','11111111',2,3000000,2000,'N');
INSERT INTO TB_DEVTEST_TRN_LST(TRN_YMD,CUS_ACN,TRN_NO,TRN_AMT,FEE_AMT,CNCL_YN) VALUES ('2018-04-01','11111113',1,2000000,0,'N');
INSERT INTO TB_DEVTEST_TRN_LST(TRN_YMD,CUS_ACN,TRN_NO,TRN_AMT,FEE_AMT,CNCL_YN) VALUES ('2018-04-01','11111113',2,3000000,1000,'N');
INSERT INTO TB_DEVTEST_TRN_LST(TRN_YMD,CUS_ACN,TRN_NO,TRN_AMT,FEE_AMT,CNCL_YN) VALUES ('2018-04-01','11111113',3,10000000,3000,'Y');
INSERT INTO TB_DEVTEST_TRN_LST(TRN_YMD,CUS_ACN,TRN_NO,TRN_AMT,FEE_AMT,CNCL_YN) VALUES ('2018-04-02','11111113',1,20000000,2000,'Y');
INSERT INTO TB_DEVTEST_TRN_LST(TRN_YMD,CUS_ACN,TRN_NO,TRN_AMT,FEE_AMT,CNCL_YN) VALUES ('2018-04-03','11111113',1,5000000,0,'N');
INSERT INTO TB_DEVTEST_TRN_LST(TRN_YMD,CUS_ACN,TRN_NO,TRN_AMT,FEE_AMT,CNCL_YN) VALUES ('2018-06-01','11111112',1,1000000,100,'N');
INSERT INTO TB_DEVTEST_TRN_LST(TRN_YMD,CUS_ACN,TRN_NO,TRN_AMT,FEE_AMT,CNCL_YN) VALUES ('2018-06-01','11111112',2,1000000,100,'N');
INSERT INTO TB_DEVTEST_TRN_LST(TRN_YMD,CUS_ACN,TRN_NO,TRN_AMT,FEE_AMT,CNCL_YN) VALUES ('2018-06-01','11111112',3,3000000,100,'Y');
INSERT INTO TB_DEVTEST_TRN_LST(TRN_YMD,CUS_ACN,TRN_NO,TRN_AMT,FEE_AMT,CNCL_YN) VALUES ('2018-06-01','11111112',4,2000000,100,'N');
INSERT INTO TB_DEVTEST_TRN_LST(TRN_YMD,CUS_ACN,TRN_NO,TRN_AMT,FEE_AMT,CNCL_YN) VALUES ('2018-06-01','11111112',5,10000,0,'N');
INSERT INTO TB_DEVTEST_TRN_LST(TRN_YMD,CUS_ACN,TRN_NO,TRN_AMT,FEE_AMT,CNCL_YN) VALUES ('2018-07-01','11111114',1,5000000,0,'N');
INSERT INTO TB_DEVTEST_TRN_LST(TRN_YMD,CUS_ACN,TRN_NO,TRN_AMT,FEE_AMT,CNCL_YN) VALUES ('2018-07-02','11111114',1,100000,0,'N');
INSERT INTO TB_DEVTEST_TRN_LST(TRN_YMD,CUS_ACN,TRN_NO,TRN_AMT,FEE_AMT,CNCL_YN) VALUES ('2018-07-03','11111114',1,30000000,0,'Y');
INSERT INTO TB_DEVTEST_TRN_LST(TRN_YMD,CUS_ACN,TRN_NO,TRN_AMT,FEE_AMT,CNCL_YN) VALUES ('2018-07-04','11111114',1,8000000,8000,'N');
INSERT INTO TB_DEVTEST_TRN_LST(TRN_YMD,CUS_ACN,TRN_NO,TRN_AMT,FEE_AMT,CNCL_YN) VALUES ('2018-07-05','11111114',1,50000000,5000,'Y');
INSERT INTO TB_DEVTEST_TRN_LST(TRN_YMD,CUS_ACN,TRN_NO,TRN_AMT,FEE_AMT,CNCL_YN) VALUES ('2018-07-06','11111114',1,9000000,0,'N');
INSERT INTO TB_DEVTEST_TRN_LST(TRN_YMD,CUS_ACN,TRN_NO,TRN_AMT,FEE_AMT,CNCL_YN) VALUES ('2018-07-07','11111114',1,8000000,0,'Y');
INSERT INTO TB_DEVTEST_TRN_LST(TRN_YMD,CUS_ACN,TRN_NO,TRN_AMT,FEE_AMT,CNCL_YN) VALUES ('2018-07-08','11111114',1,6000000,0,'N');
INSERT INTO TB_DEVTEST_TRN_LST(TRN_YMD,CUS_ACN,TRN_NO,TRN_AMT,FEE_AMT,CNCL_YN) VALUES ('2018-07-09','11111114',1,500000,0,'N');
INSERT INTO TB_DEVTEST_TRN_LST(TRN_YMD,CUS_ACN,TRN_NO,TRN_AMT,FEE_AMT,CNCL_YN) VALUES ('2018-07-10','11111114',1,400000,0,'N');
INSERT INTO TB_DEVTEST_TRN_LST(TRN_YMD,CUS_ACN,TRN_NO,TRN_AMT,FEE_AMT,CNCL_YN) VALUES ('2018-08-01','11111116',1,90000000,9000,'Y');
INSERT INTO TB_DEVTEST_TRN_LST(TRN_YMD,CUS_ACN,TRN_NO,TRN_AMT,FEE_AMT,CNCL_YN) VALUES ('2018-08-01','11111116',2,8000000,8000,'N');
INSERT INTO TB_DEVTEST_TRN_LST(TRN_YMD,CUS_ACN,TRN_NO,TRN_AMT,FEE_AMT,CNCL_YN) VALUES ('2018-08-02','11111116',1,400000,0,'N');
INSERT INTO TB_DEVTEST_TRN_LST(TRN_YMD,CUS_ACN,TRN_NO,TRN_AMT,FEE_AMT,CNCL_YN) VALUES ('2018-08-03','11111116',1,500000,0,'N');
INSERT INTO TB_DEVTEST_TRN_LST(TRN_YMD,CUS_ACN,TRN_NO,TRN_AMT,FEE_AMT,CNCL_YN) VALUES ('2018-08-04','11111116',1,600000,0,'N');
INSERT INTO TB_DEVTEST_TRN_LST(TRN_YMD,CUS_ACN,TRN_NO,TRN_AMT,FEE_AMT,CNCL_YN) VALUES ('2018-09-20','11111117',1,200000,0,'N');
INSERT INTO TB_DEVTEST_TRN_LST(TRN_YMD,CUS_ACN,TRN_NO,TRN_AMT,FEE_AMT,CNCL_YN) VALUES ('2018-09-21','11111117',1,300000,1000,'N');
INSERT INTO TB_DEVTEST_TRN_LST(TRN_YMD,CUS_ACN,TRN_NO,TRN_AMT,FEE_AMT,CNCL_YN) VALUES ('2018-09-22','11111117',1,400000,0,'N');
INSERT INTO TB_DEVTEST_TRN_LST(TRN_YMD,CUS_ACN,TRN_NO,TRN_AMT,FEE_AMT,CNCL_YN) VALUES ('2018-09-23','11111117',1,500000,0,'N');
INSERT INTO TB_DEVTEST_TRN_LST(TRN_YMD,CUS_ACN,TRN_NO,TRN_AMT,FEE_AMT,CNCL_YN) VALUES ('2018-09-24','11111117',1,600000,0,'N');
INSERT INTO TB_DEVTEST_TRN_LST(TRN_YMD,CUS_ACN,TRN_NO,TRN_AMT,FEE_AMT,CNCL_YN) VALUES ('2018-10-10','11111118',1,1000000,100,'Y');
INSERT INTO TB_DEVTEST_TRN_LST(TRN_YMD,CUS_ACN,TRN_NO,TRN_AMT,FEE_AMT,CNCL_YN) VALUES ('2018-10-11','11111118',1,1000000,100,'Y');
INSERT INTO TB_DEVTEST_TRN_LST(TRN_YMD,CUS_ACN,TRN_NO,TRN_AMT,FEE_AMT,CNCL_YN) VALUES ('2018-10-12','11111118',1,1000000,100,'Y');
INSERT INTO TB_DEVTEST_TRN_LST(TRN_YMD,CUS_ACN,TRN_NO,TRN_AMT,FEE_AMT,CNCL_YN) VALUES ('2018-10-13','11111118',1,1000000,100,'Y');
INSERT INTO TB_DEVTEST_TRN_LST(TRN_YMD,CUS_ACN,TRN_NO,TRN_AMT,FEE_AMT,CNCL_YN) VALUES ('2018-10-14','11111118',1,1000000,100,'Y');
INSERT INTO TB_DEVTEST_TRN_LST(TRN_YMD,CUS_ACN,TRN_NO,TRN_AMT,FEE_AMT,CNCL_YN) VALUES ('2018-11-01','11111119',1,2000000,0,'N');
INSERT INTO TB_DEVTEST_TRN_LST(TRN_YMD,CUS_ACN,TRN_NO,TRN_AMT,FEE_AMT,CNCL_YN) VALUES ('2018-11-01','11111119',2,2000000,0,'N');
INSERT INTO TB_DEVTEST_TRN_LST(TRN_YMD,CUS_ACN,TRN_NO,TRN_AMT,FEE_AMT,CNCL_YN) VALUES ('2018-11-01','11111119',3,2000000,0,'N');
INSERT INTO TB_DEVTEST_TRN_LST(TRN_YMD,CUS_ACN,TRN_NO,TRN_AMT,FEE_AMT,CNCL_YN) VALUES ('2018-11-01','11111119',4,2000000,0,'N');
INSERT INTO TB_DEVTEST_TRN_LST(TRN_YMD,CUS_ACN,TRN_NO,TRN_AMT,FEE_AMT,CNCL_YN) VALUES ('2018-11-01','11111119',5,2000000,0,'N');
INSERT INTO TB_DEVTEST_TRN_LST(TRN_YMD,CUS_ACN,TRN_NO,TRN_AMT,FEE_AMT,CNCL_YN) VALUES ('2018-11-01','11111119',6,2000000,0,'N');
INSERT INTO TB_DEVTEST_TRN_LST(TRN_YMD,CUS_ACN,TRN_NO,TRN_AMT,FEE_AMT,CNCL_YN) VALUES ('2018-11-01','11111119',7,2000000,0,'N');
INSERT INTO TB_DEVTEST_TRN_LST(TRN_YMD,CUS_ACN,TRN_NO,TRN_AMT,FEE_AMT,CNCL_YN) VALUES ('2018-12-25','11111120',1,30000000,3000,'Y');
INSERT INTO TB_DEVTEST_TRN_LST(TRN_YMD,CUS_ACN,TRN_NO,TRN_AMT,FEE_AMT,CNCL_YN) VALUES ('2018-12-25','11111120',2,20000000,2000,'Y');
INSERT INTO TB_DEVTEST_TRN_LST(TRN_YMD,CUS_ACN,TRN_NO,TRN_AMT,FEE_AMT,CNCL_YN) VALUES ('2018-12-25','11111120',3,9000000,300,'N');
INSERT INTO TB_DEVTEST_TRN_LST(TRN_YMD,CUS_ACN,TRN_NO,TRN_AMT,FEE_AMT,CNCL_YN) VALUES ('2018-12-31','11111120',1,8000000,400,'N');
INSERT INTO TB_DEVTEST_TRN_LST(TRN_YMD,CUS_ACN,TRN_NO,TRN_AMT,FEE_AMT,CNCL_YN) VALUES ('2018-12-31','11111120',2,1234567,0,'N');
INSERT INTO TB_DEVTEST_TRN_LST(TRN_YMD,CUS_ACN,TRN_NO,TRN_AMT,FEE_AMT,CNCL_YN) VALUES ('2019-04-05','11111112',1,20000000,0,'N');
INSERT INTO TB_DEVTEST_TRN_LST(TRN_YMD,CUS_ACN,TRN_NO,TRN_AMT,FEE_AMT,CNCL_YN) VALUES ('2019-04-06','11111112',1,10000000,1000,'N');
INSERT INTO TB_DEVTEST_TRN_LST(TRN_YMD,CUS_ACN,TRN_NO,TRN_AMT,FEE_AMT,CNCL_YN) VALUES ('2019-04-07','11111112',1,300000,100,'Y');
INSERT INTO TB_DEVTEST_TRN_LST(TRN_YMD,CUS_ACN,TRN_NO,TRN_AMT,FEE_AMT,CNCL_YN) VALUES ('2019-04-08','11111112',1,5000000,300,'N');
INSERT INTO TB_DEVTEST_TRN_LST(TRN_YMD,CUS_ACN,TRN_NO,TRN_AMT,FEE_AMT,CNCL_YN) VALUES ('2019-04-09','11111112',1,6000000,300,'N');
INSERT INTO TB_DEVTEST_TRN_LST(TRN_YMD,CUS_ACN,TRN_NO,TRN_AMT,FEE_AMT,CNCL_YN) VALUES ('2019-05-01','11111111',1,100000,500,'N');
INSERT INTO TB_DEVTEST_TRN_LST(TRN_YMD,CUS_ACN,TRN_NO,TRN_AMT,FEE_AMT,CNCL_YN) VALUES ('2019-05-02','11111111',1,10000000,1800,'N');
INSERT INTO TB_DEVTEST_TRN_LST(TRN_YMD,CUS_ACN,TRN_NO,TRN_AMT,FEE_AMT,CNCL_YN) VALUES ('2019-05-03','11111111',1,10000000,0,'Y');
INSERT INTO TB_DEVTEST_TRN_LST(TRN_YMD,CUS_ACN,TRN_NO,TRN_AMT,FEE_AMT,CNCL_YN) VALUES ('2019-05-03','11111111',2,20000000,0,'Y');
INSERT INTO TB_DEVTEST_TRN_LST(TRN_YMD,CUS_ACN,TRN_NO,TRN_AMT,FEE_AMT,CNCL_YN) VALUES ('2019-05-03','11111111',3,1000000,0,'N');
INSERT INTO TB_DEVTEST_TRN_LST(TRN_YMD,CUS_ACN,TRN_NO,TRN_AMT,FEE_AMT,CNCL_YN) VALUES ('2019-06-01','11111113',1,1000000,0,'N');
INSERT INTO TB_DEVTEST_TRN_LST(TRN_YMD,CUS_ACN,TRN_NO,TRN_AMT,FEE_AMT,CNCL_YN) VALUES ('2019-06-02','11111113',1,700000,0,'N');
INSERT INTO TB_DEVTEST_TRN_LST(TRN_YMD,CUS_ACN,TRN_NO,TRN_AMT,FEE_AMT,CNCL_YN) VALUES ('2019-06-02','11111113',2,70000000,7000,'Y');
INSERT INTO TB_DEVTEST_TRN_LST(TRN_YMD,CUS_ACN,TRN_NO,TRN_AMT,FEE_AMT,CNCL_YN) VALUES ('2019-06-03','11111113',1,9000000,0,'N');
INSERT INTO TB_DEVTEST_TRN_LST(TRN_YMD,CUS_ACN,TRN_NO,TRN_AMT,FEE_AMT,CNCL_YN) VALUES ('2019-06-04','11111113',1,4000000,1000,'N');
INSERT INTO TB_DEVTEST_TRN_LST(TRN_YMD,CUS_ACN,TRN_NO,TRN_AMT,FEE_AMT,CNCL_YN) VALUES ('2019-07-01','11111115',1,3000000,300,'N');
INSERT INTO TB_DEVTEST_TRN_LST(TRN_YMD,CUS_ACN,TRN_NO,TRN_AMT,FEE_AMT,CNCL_YN) VALUES ('2019-07-01','11111115',2,3000000,300,'N');
INSERT INTO TB_DEVTEST_TRN_LST(TRN_YMD,CUS_ACN,TRN_NO,TRN_AMT,FEE_AMT,CNCL_YN) VALUES ('2019-07-01','11111115',3,3000000,300,'N');
INSERT INTO TB_DEVTEST_TRN_LST(TRN_YMD,CUS_ACN,TRN_NO,TRN_AMT,FEE_AMT,CNCL_YN) VALUES ('2019-07-01','11111115',4,3000000,300,'N');
INSERT INTO TB_DEVTEST_TRN_LST(TRN_YMD,CUS_ACN,TRN_NO,TRN_AMT,FEE_AMT,CNCL_YN) VALUES ('2019-07-01','11111115',5,3000000,300,'N');
INSERT INTO TB_DEVTEST_TRN_LST(TRN_YMD,CUS_ACN,TRN_NO,TRN_AMT,FEE_AMT,CNCL_YN) VALUES ('2019-07-01','11111115',6,3000000,300,'N');
INSERT INTO TB_DEVTEST_TRN_LST(TRN_YMD,CUS_ACN,TRN_NO,TRN_AMT,FEE_AMT,CNCL_YN) VALUES ('2019-07-01','11111115',7,3000000,300,'N');
INSERT INTO TB_DEVTEST_TRN_LST(TRN_YMD,CUS_ACN,TRN_NO,TRN_AMT,FEE_AMT,CNCL_YN) VALUES ('2019-07-01','11111115',8,3000000,300,'N');
INSERT INTO TB_DEVTEST_TRN_LST(TRN_YMD,CUS_ACN,TRN_NO,TRN_AMT,FEE_AMT,CNCL_YN) VALUES ('2019-07-01','11111115',9,3000000,300,'N');
INSERT INTO TB_DEVTEST_TRN_LST(TRN_YMD,CUS_ACN,TRN_NO,TRN_AMT,FEE_AMT,CNCL_YN) VALUES ('2019-07-01','11111115',10,3000000,300,'N');
INSERT INTO TB_DEVTEST_TRN_LST(TRN_YMD,CUS_ACN,TRN_NO,TRN_AMT,FEE_AMT,CNCL_YN) VALUES ('2019-08-05','11111116',1,700000,0,'N');
INSERT INTO TB_DEVTEST_TRN_LST(TRN_YMD,CUS_ACN,TRN_NO,TRN_AMT,FEE_AMT,CNCL_YN) VALUES ('2019-08-06','11111116',1,800000,0,'N');
INSERT INTO TB_DEVTEST_TRN_LST(TRN_YMD,CUS_ACN,TRN_NO,TRN_AMT,FEE_AMT,CNCL_YN) VALUES ('2019-08-07','11111116',1,900000,0,'N');
INSERT INTO TB_DEVTEST_TRN_LST(TRN_YMD,CUS_ACN,TRN_NO,TRN_AMT,FEE_AMT,CNCL_YN) VALUES ('2019-08-08','11111116',1,10000000,0,'N');
INSERT INTO TB_DEVTEST_TRN_LST(TRN_YMD,CUS_ACN,TRN_NO,TRN_AMT,FEE_AMT,CNCL_YN) VALUES ('2019-08-09','11111116',1,3000000,300,'N');
INSERT INTO TB_DEVTEST_TRN_LST(TRN_YMD,CUS_ACN,TRN_NO,TRN_AMT,FEE_AMT,CNCL_YN) VALUES ('2019-09-24','11111117',1,700000,0,'N');
INSERT INTO TB_DEVTEST_TRN_LST(TRN_YMD,CUS_ACN,TRN_NO,TRN_AMT,FEE_AMT,CNCL_YN) VALUES ('2019-09-24','11111117',2,800000,0,'N');
INSERT INTO TB_DEVTEST_TRN_LST(TRN_YMD,CUS_ACN,TRN_NO,TRN_AMT,FEE_AMT,CNCL_YN) VALUES ('2019-09-24','11111117',3,900000,0,'N');
INSERT INTO TB_DEVTEST_TRN_LST(TRN_YMD,CUS_ACN,TRN_NO,TRN_AMT,FEE_AMT,CNCL_YN) VALUES ('2019-09-24','11111117',4,1000000,0,'N');
INSERT INTO TB_DEVTEST_TRN_LST(TRN_YMD,CUS_ACN,TRN_NO,TRN_AMT,FEE_AMT,CNCL_YN) VALUES ('2019-09-24','11111117',5,1100000,0,'N');
INSERT INTO TB_DEVTEST_TRN_LST(TRN_YMD,CUS_ACN,TRN_NO,TRN_AMT,FEE_AMT,CNCL_YN) VALUES ('2019-10-15','11111118',1,1000000,100,'Y');
INSERT INTO TB_DEVTEST_TRN_LST(TRN_YMD,CUS_ACN,TRN_NO,TRN_AMT,FEE_AMT,CNCL_YN) VALUES ('2019-10-16','11111118',1,1000000,100,'Y');
INSERT INTO TB_DEVTEST_TRN_LST(TRN_YMD,CUS_ACN,TRN_NO,TRN_AMT,FEE_AMT,CNCL_YN) VALUES ('2019-10-17','11111118',1,1000000,100,'Y');
INSERT INTO TB_DEVTEST_TRN_LST(TRN_YMD,CUS_ACN,TRN_NO,TRN_AMT,FEE_AMT,CNCL_YN) VALUES ('2019-10-18','11111118',1,1000000,100,'Y');
INSERT INTO TB_DEVTEST_TRN_LST(TRN_YMD,CUS_ACN,TRN_NO,TRN_AMT,FEE_AMT,CNCL_YN) VALUES ('2019-10-19','11111118',1,1000000,100,'Y');
INSERT INTO TB_DEVTEST_TRN_LST(TRN_YMD,CUS_ACN,TRN_NO,TRN_AMT,FEE_AMT,CNCL_YN) VALUES ('2019-11-01','11111119',1,2000000,0,'N');
INSERT INTO TB_DEVTEST_TRN_LST(TRN_YMD,CUS_ACN,TRN_NO,TRN_AMT,FEE_AMT,CNCL_YN) VALUES ('2019-11-01','11111119',2,2000000,0,'N');
INSERT INTO TB_DEVTEST_TRN_LST(TRN_YMD,CUS_ACN,TRN_NO,TRN_AMT,FEE_AMT,CNCL_YN) VALUES ('2019-11-01','11111119',3,2000000,0,'N');
INSERT INTO TB_DEVTEST_TRN_LST(TRN_YMD,CUS_ACN,TRN_NO,TRN_AMT,FEE_AMT,CNCL_YN) VALUES ('2019-12-24','11111120',1,3000000,0,'N');
INSERT INTO TB_DEVTEST_TRN_LST(TRN_YMD,CUS_ACN,TRN_NO,TRN_AMT,FEE_AMT,CNCL_YN) VALUES ('2019-12-24','11111120',2,3000000,0,'N');
INSERT INTO TB_DEVTEST_TRN_LST(TRN_YMD,CUS_ACN,TRN_NO,TRN_AMT,FEE_AMT,CNCL_YN) VALUES ('2019-12-24','11111120',3,3000000,0,'N');
INSERT INTO TB_DEVTEST_TRN_LST(TRN_YMD,CUS_ACN,TRN_NO,TRN_AMT,FEE_AMT,CNCL_YN) VALUES ('2019-12-24','11111120',4,3000000,0,'N');
INSERT INTO TB_DEVTEST_TRN_LST(TRN_YMD,CUS_ACN,TRN_NO,TRN_AMT,FEE_AMT,CNCL_YN) VALUES ('2019-12-24','11111120',5,3000000,0,'N');